code,id,name
FDREL250 Williams Reference,10547,FDREL250 Williams Reference
FDREL250,15293,FDREL250 - R--- - Peterson
FDREL250,19935,FDREL250 - R--- - Rowe
FDREL250 01 05,20078,BH Export FDREL250 Schmidt
Campus.Reference.FDREL250,21084,FDREL 250 - R--- - Butterfield
Campus.Reference.FDREL250,21093,FDREL 250 - R--- - Dorman
Campus.Reference.FDREL250,21095,FDREL 250 - R--- - Bolingbroke
Campus.2016.Winter.FDREL250,22823,"FDREL 250: 11,15,21 (Campus); Winter 2016"
FDREL250 18,22873,FDREL250 18
FDREL250 07 11,22892,FDREL250 07 11
FDREL250 0206,23722,FDREL250 0206
Campus.Reference.FDREL250,24314,FDREL 250 - D--- - Satterfield
Campus.Reference.FDREL250,28063,FDREL 250 - R--- - Rowe
Campus.2016.Winter.FDREL250,28270,"FDREL 250: 25,31,32 (Campus); Winter 2016"
Campus.Reference.FDREL250,28695,FDREL 250 - R--- - Castro
Campus.Reference.FDREL250,28796,FDREL 250 - D--- - Master - Stripped
Online.Reference.FDREL250,30469,FDREL 250 - R--- - Online Reference
Campus.Reference.FDREL250,33499,FDREL 250 - R--- - Schmidt
Campus.2016.Winter.FDREL250,50751,"FDREL 250: 13,17 (Campus); Winter 2016"
Campus.2016.Winter.FDREL250,52300,"FDREL 250: 01,06 (Campus); Winter 2016"
Campus.Reference.FDREL250,52475,FDREL 250 - R--- - Hammond
Campus.Reference.FDREL250,52857,FDREL 250 - R--- - Williams
Campus.2016.Winter.FDREL250,52881,"FDREL 250: 03,08,27,29 (Campus); Winter 2016"
Campus.2016.Winter.FDREL250,53060,"FDREL 250: 20,24 (Campus); Winter 2016"
Campus.2016.Winter.FDREL250,53285,"FDREL 250: 26,28,33 (Campus); Winter 2016"
Campus.2016.Winter.FDREL250,53860,"FDREL 250: 05,10 (Campus); Winter 2016"
Bridged - Campus.2016.Winter.FDREL250.19,54492,FDREL 250: 19 (Campus); Winter 2016
Bridged - Campus.2016.Winter.FDREL250.23,54493,FDREL 250: 23 (Campus); Winter 2016
Campus.2016.Winter.FDREL250,54501,"FDREL 250: 02,07,22 (Campus); Winter 2016"
Campus.2016.Winter.FDREL250,54892,FDREL 250: 12 (Campus); Winter 2016
Campus.2016.Winter.FDREL250,54895,FDREL 250: 16 (Campus); Winter 2016
Campus.2016.Winter.FDREL250,55828,"FDREL 250: 04,09 (Campus); Winter 2016"
Campus.2016.Spring.FDREL250,61774,"FDREL 250: 01,07,16 (Campus); Spring 2016"
Bridged - Campus.2016.Spring.FDREL250.14,68023,FDREL 250: 14 (Campus); Spring 2016
Campus.2016.Spring.FDREL250,68188,"FDREL 250: 29,31 (Campus); Spring 2016"
Campus.2016.Spring.FDREL250,68567,"FDREL 250: 02,08,28 (Campus); Spring 2016"
Campus.2016.Spring.FDREL250,69044,"FDREL 250: 05,11 (Campus); Spring 2016"
Online.Approved.2016.Spring.FDREL250,82848,FDREL 250 - P--- - Pilot Reference
Bridged - Online.2016.Spring.FDREL250.39,83901,FDREL 250: 39 (Online); Spring 2016
Bridged - Online.2016.Spring.FDREL250.40,83902,FDREL 250: 40 (Online); Spring 2016
Campus.Reference.FDREL250,95861,FDREL 250 - R--- - Blanchard
Campus.2016.Spring.FDREL250,96776,"FDREL 301: 02,03 (Campus); Spring 2016"
Campus.2016.Spring.FDREL250,96852,FDREL 324: 06 (Campus); Spring 2016
Campus.2016.Spring.FDREL250,96857,"FDREL 250: 15,20 (Campus); Spring 2016"
Campus.2016.Spring.FDREL250,97096,FDREL 250: 12 (Campus); Spring 2016
Campus.2016.Spring.FDREL250,97099,FDREL 250: 26 (Campus); Spring 2016
Campus.2016.Spring.FDREL250,97108,FDREL 250: 22 (Campus); Spring 2016
Campus.2016.Spring.FDREL250,97112,FDREL 250: 27 (Campus); Spring 2016
Campus.2016.Spring.FDREL250,97121,FDREL 250: 33 (Campus); Spring 2016
Campus.2016.Spring.FDREL250,98976,FDREL 250: 13 (Campus); Spring 2016
Campus.2016.Spring.FDREL250,98979,FDREL 250: 21 (Campus); Spring 2016
Campus.2016.Spring.FDREL250,99603,FDREL 250: 13 (Campus); Spring 2016
Campus.2016.Spring.FDREL250,99650,FDREL 250: 38 (Campus); Spring 2016
Campus.2016.Spring.FDREL250,101612,"FDREL 250: 04,10 (Campus); Spring 2016"
Campus.2016.Fall.FDREL250,110003,"FDREL 250: 09,15,25,59 (Campus); Fall 2016"
Campus.2016.Fall.FDREL250,119113,"FDREL 250: 12,16,26,60 (Campus); Fall 2016"
Campus.2016.Fall.FDREL250,119171,"FDREL 250: 03,08 (Campus); Fall 2016"
Campus.2016.Fall.FDREL250,141212,FDREL 250: 27 (Campus); Fall 2016
Campus.2016.Fall.FDREL250,141289,FDREL 250: 55 (Campus); Fall 2016
Online.Approved.2016.Fall.FDREL250,141595,FDREL 250 - R--- - Online Reference
Bridged - Online.2016.Fall.FDREL250.30,143150,FDREL 250: 30 (Online); Fall 2016
Bridged - Online.2016.Fall.FDREL250.31,143201,FDREL 250: 31 (Online); Fall 2016
Bridged - Online.2016.Fall.FDREL250.33,143250,FDREL 250: 33 (Online); Fall 2016
Bridged - Online.2016.Fall.FDREL250.34,143305,FDREL 250: 34 (Online); Fall 2016
Bridged - Online.2016.Fall.FDREL250.35,143332,FDREL 250: 35 (Online); Fall 2016
Bridged - Online.2016.Fall.FDREL250.36,143341,FDREL 250: 36 (Online); Fall 2016
Bridged - Online.2016.Fall.FDREL250.37,143348,FDREL 250: 37 (Online); Fall 2016
Bridged - Online.2016.Fall.FDREL250.38,143356,FDREL 250: 38 (Online); Fall 2016
Bridged - Online.2016.Fall.FDREL250.39,143363,FDREL 250: 39 (Online); Fall 2016
Bridged - Online.2016.Fall.FDREL250.40,143370,FDREL 250: 40 (Online); Fall 2016
Bridged - Online.2016.Fall.FDREL250.41,143375,FDREL 250: 41 (Online); Fall 2016
Bridged - Online.2016.Fall.FDREL250.42,143376,FDREL 250: 42 (Online); Fall 2016
Bridged - Online.2016.Fall.FDREL250.43,143377,FDREL 250: 43 (Online); Fall 2016
Bridged - Online.2016.Fall.FDREL250.44,143378,FDREL 250: 44 (Online); Fall 2016
Bridged - Online.2016.Fall.FDREL250.45,143379,FDREL 250: 45 (Online); Fall 2016
Bridged - Online.2016.Fall.FDREL250.46,143380,FDREL 250: 46 (Online); Fall 2016
Bridged - Online.2016.Fall.FDREL250.47,143381,FDREL 250: 47 (Online); Fall 2016
Bridged - Online.2016.Fall.FDREL250.48,143382,FDREL 250: 48 (Online); Fall 2016
Bridged - Online.2016.Fall.FDREL250.49,143383,FDREL 250: 49 (Online); Fall 2016
Bridged - Online.2016.Fall.FDREL250.50,143384,FDREL 250: 50 (Online); Fall 2016
Bridged - Online.2016.Fall.FDREL250.57,143385,FDREL 250: 57 (Online); Fall 2016
Bridged - Online.2016.Fall.FDREL250.58,143386,FDREL 250: 58 (Online); Fall 2016
Campus.2016.Fall.FDREL250,153543,"FDREL 250: 21,28,56 (Campus); Fall 2016"
Campus.2016.Fall.FDREL250,153557,"FDREL 250: 18,20 (Campus); Fall 2016"
Campus.2016.Fall.FDREL250,154161,"FDREL 250: 10,13 (Campus); Fall 2016"
Bridged - Online.2016.Fall.FDREL250.32,154446,FDREL 250: 32 (Online); Fall 2016
Campus.2016.Fall.FDREL250,154647,"FDREL 211: 08,11 (Campus); Fall 2016"
Campus.2016.Fall.FDREL250,154652,FDREL 327: 05 (Campus); Fall 2016
Campus.2016.Fall.FDREL250,154872,FDREL 250: 02 (Campus); Fall 2016
Campus.Reference.FDREL250,155929,FDREL 250 - R--- - Sturm
Campus.2016.Fall.FDREL250,156508,"FDREL 250: 01,06 (Campus); Fall 2016"
Bridged - Online.2016.Fall.FDREL250.54,157243,FDREL 250: 54 (Online); Fall 2016
Campus.Reference.FDREL250,158577,FDREL 250 - R--- - Sturm (Williams copy)
Campus.2016.Fall.FDREL250,161575,FDREL 250: 07 (Campus); Fall 2016
Campus.2016.Fall.FDREL250,161578,FDREL 250: 17 (Campus); Fall 2016
Bridged - Online.2016.Fall.FDREL250.53,162682,FDREL 250: 53 (Online); Fall 2016
Campus.2016.Fall.FDREL250,163487,FDREL 250: 05 (Campus); Fall 2016
Campus.2016.Fall.FDREL250,164410,FDREL 250: 14 (Campus); Fall 2016
Campus.2016.Fall.FDREL250,164416,FDREL 250: 19 (Campus); Fall 2016
Campus.2016.Fall.FDREL250,164419,FDREL 250: 23 (Campus); Fall 2016
Campus.2016.Fall.FDREL250,165401,FDREL 250: 22 (Campus); Fall 2016
Campus.2016.Fall.FDREL250,165404,FDREL 250: 29 (Campus); Fall 2016
Campus.2017.Winter.FDREL250,168313,FDAMF 101: 01 (Campus); Winter 2017
Campus.2017.Winter.FDREL250,171845,"FDREL 250: 14,20 (Campus); Winter 2017"
Campus.2017.Winter.FDREL250,182176,FDREL 250: 07 (Campus); Winter 2017
Campus.2017.Winter.FDREL250,182182,FDREL 250: 13 (Campus); Winter 2017
Campus.2017.Winter.FDREL250,182185,FDREL 250: 62 (Campus); Winter 2017
Campus.2017.Winter.FDREL250,184042,FDAMF 101: 10 (Campus); Winter 2017
Campus.2017.Winter.FDREL250,192888,"FDREL 250: 23,27,28 (Campus); Winter 2017"
Campus.2017.Winter.FDREL250,212461,"FDREL 250: 04,09 (Campus); Winter 2017"
Online.Approved.2017.Winter.FDREL250,215729,FDREL 250 - R--- - Online Reference
Bridged - Online.2017.Winter.FDREL250.32,215910,FDREL 250: 32 (Online); Winter 2017
Bridged - Online.2017.Winter.FDREL250.33,215911,FDREL 250: 33 (Online); Winter 2017
Bridged - Online.2017.Winter.FDREL250.34,215912,FDREL 250: 34 (Online); Winter 2017
Bridged - Online.2017.Winter.FDREL250.35,215916,FDREL 250: 35 (Online); Winter 2017
Bridged - Online.2017.Winter.FDREL250.36,215921,FDREL 250: 36 (Online); Winter 2017
Bridged - Online.2017.Winter.FDREL250.37,215930,FDREL 250: 37 (Online); Winter 2017
Bridged - Online.2017.Winter.FDREL250.38,215933,FDREL 250: 38 (Online); Winter 2017
Bridged - Online.2017.Winter.FDREL250.39,215937,FDREL 250: 39 (Online); Winter 2017
Bridged - Online.2017.Winter.FDREL250.40,215945,FDREL 250: 40 (Online); Winter 2017
Bridged - Online.2017.Winter.FDREL250.41,215946,FDREL 250: 41 (Online); Winter 2017
Bridged - Online.2017.Winter.FDREL250.42,215947,FDREL 250: 42 (Online); Winter 2017
Bridged - Online.2017.Winter.FDREL250.43,215948,FDREL 250: 43 (Online); Winter 2017
Bridged - Online.2017.Winter.FDREL250.44,215949,FDREL 250: 44 (Online); Winter 2017
Bridged - Online.2017.Winter.FDREL250.45,215950,FDREL 250: 45 (Online); Winter 2017
Bridged - Online.2017.Winter.FDREL250.47,215951,FDREL 250: 47 (Online); Winter 2017
Bridged - Online.2017.Winter.FDREL250.49,215952,FDREL 250: 49 (Online); Winter 2017
Bridged - Online.2017.Winter.FDREL250.50,215953,FDREL 250: 50 (Online); Winter 2017
Bridged - Online.2017.Winter.FDREL250.51,215954,FDREL 250: 51 (Online); Winter 2017
Bridged - Online.2017.Winter.FDREL250.52,215955,FDREL 250: 52 (Online); Winter 2017
Bridged - Online.2017.Winter.FDREL250.53,215956,FDREL 250: 53 (Online); Winter 2017
Bridged - Online.2017.Winter.FDREL250.54,215957,FDREL 250: 54 (Online); Winter 2017
Bridged - Online.2017.Winter.FDREL250.56,215958,FDREL 250: 56 (Online); Winter 2017
Bridged - Online.2017.Winter.FDREL250.57,215959,FDREL 250: 57 (Online); Winter 2017
Bridged - Online.2017.Winter.FDREL250.58,215960,FDREL 250: 58 (Online); Winter 2017
Bridged - Online.2017.Winter.FDREL250.59,215961,FDREL 250: 59 (Online); Winter 2017
Bridged - Online.2017.Winter.FDREL250.60,215962,FDREL 250: 60 (Online); Winter 2017
Bridged - Online.2017.Winter.FDREL250.61,215963,FDREL 250: 61 (Online); Winter 2017
Campus.2017.Winter.FDREL250,217284,"FDREL 250: 25,30 (Campus); Winter 2017"
Campus.2017.Winter.FDREL250,218923,"FDREL 250: 15,19,31 (Campus); Winter 2017"
Bridged - Online.2017.Winter.FDREL250.55,220220,FDREL 250: 55 (Online); Winter 2017
Campus.2017.Winter.FDREL250,222239,FDREL 301: 04 (Campus); Winter 2017
Campus.Reference.FDREL250,223059,FDREL 250 - R--- - Hammond (Winter 2017)
Campus.2017.Winter.FDREL250,223232,"FDREL 275: 23,27 (Campus); Winter 2017"
Campus.2017.Winter.FDREL250,223494,"FDREL 250: 06,11 (Campus); Winter 2017"
Campus.2017.Winter.FDREL250,223676,"FDREL 250: 01,08 (Campus); Winter 2017"
Campus.2017.Winter.FDREL250,226109,"FDREL 250: 12,17,22 (Campus); Winter 2017"
Bridged - Online.2017.Winter.FDREL250.48,226377,FDREL 250: 48 (Online); Winter 2017
Campus.2017.Winter.FDREL250,226755,FDREL 250: 29 (Campus); Winter 2017
Bridged - Online.2017.Winter.FDREL250.46,227517,FDREL 250: 46 (Online); Winter 2017
Campus.Reference.FDREL250,228012,FDREL 250 - R--- - Allred
Campus.2017.Winter.FDREL250,228018,"FDREL 250: 02,05,26 (Campus); Winter 2017"
Campus.2017.Winter.FDREL250,230213,FDREL250; Winter 2017 (No Sections)
Campus.2017.Winter.FDREL250,230419,FDREL 250: 16 (Campus); Winter 2017
Campus.2017.Spring.FDREL250,235639,FDREL 250: 17 (Campus); Spring 2017
Campus.2017.Spring.FDREL250,235850,"FDREL 121: 01,03 (Campus); Spring 2017"
Campus.2017.Spring.FDREL250,236572,"FDREL 250: 05,08,15 (Campus); Spring 2017"
Campus.Reference.FDREL250,236717,FDREL 250 - R--- - Baron S17
Campus.2017.Spring.FDREL250,236746,FDREL 250: 10 (Campus); Spring 2017
Campus.2017.Spring.FDREL250,236749,FDREL 250: 16 (Campus); Spring 2017
Campus.2017.Spring.FDREL250,236844,"FDREL 250: 18,21 (Campus); Spring 2017"
Campus.Reference.FDREL250,236951,FDREL 250 - R--- - Peck S17
Campus.2017.Spring.FDREL250,236986,FDREL 301: 05 (Campus); Spring 2017
Campus.2017.Spring.FDREL250,236989,FDREL 301: 07 (Campus); Spring 2017
Online.Approved.2017.Spring.FDREL250,247412,FDREL 250 - R--- - Online Reference
Bridged - Online.2017.Spring.FDREL250.37,248437,FDREL 250: 37 (Online); Spring 2017
Bridged - Online.2017.Spring.FDREL250.38,248464,FDREL 250: 38 (Online); Spring 2017
Bridged - Online.2017.Spring.FDREL250.39,248485,FDREL 250: 39 (Online); Spring 2017
Bridged - Online.2017.Spring.FDREL250.40,248496,FDREL 250: 40 (Online); Spring 2017
Bridged - Online.2017.Spring.FDREL250.41,248507,FDREL 250: 41 (Online); Spring 2017
Bridged - Online.2017.Spring.FDREL250.42,248509,FDREL 250: 42 (Online); Spring 2017
Bridged - Online.2017.Spring.FDREL250.43,248510,FDREL 250: 43 (Online); Spring 2017
Bridged - Online.2017.Spring.FDREL250.44,248511,FDREL 250: 44 (Online); Spring 2017
Bridged - Online.2017.Spring.FDREL250.45,248512,FDREL 250: 45 (Online); Spring 2017
Bridged - Online.2017.Spring.FDREL250.46,248513,FDREL 250: 46 (Online); Spring 2017
Bridged - Online.2017.Spring.FDREL250.47,248534,FDREL 250: 47 (Online); Spring 2017
Bridged - Online.2017.Spring.FDREL250.48,248539,FDREL 250: 48 (Online); Spring 2017
Bridged - Online.2017.Spring.FDREL250.49,248540,FDREL 250: 49 (Online); Spring 2017
Bridged - Online.2017.Spring.FDREL250.50,248541,FDREL 250: 50 (Online); Spring 2017
Bridged - Online.2017.Spring.FDREL250.51,248542,FDREL 250: 51 (Online); Spring 2017
Bridged - Online.2017.Spring.FDREL250.53,248543,FDREL 250: 53 (Online); Spring 2017
Bridged - Online.2017.Spring.FDREL250.54,248544,FDREL 250: 54 (Online); Spring 2017
Bridged - Online.2017.Spring.FDREL250.55,248545,FDREL 250: 55 (Online); Spring 2017
Bridged - Online.2017.Spring.FDREL250.56,248546,FDREL 250: 56 (Online); Spring 2017
Bridged - Online.2017.Spring.FDREL250.57,248547,FDREL 250: 57 (Online); Spring 2017
Bridged - Online.2017.Spring.FDREL250.58,248548,FDREL 250: 58 (Online); Spring 2017
Bridged - Online.2017.Spring.FDREL250.60,262899,FDREL 250: 60 (Online); Spring 2017
Campus.2017.Spring.FDREL250,263146,"FDREL 250: 14,20,31 (Campus); Spring 2017"
Campus.2017.Spring.FDREL250,265772,"FDREL 250: 23,30 (Campus); Spring 2017"
Bridged - Online.2017.Spring.FDREL250.61,266025,FDREL 250: 61 (Online); Spring 2017
Bridged - Online.2017.Spring.FDREL250.62,269780,FDREL 250: 62 (Online); Spring 2017
Campus.2017.Spring.FDREL250,270743,"FDREL 250: 13,25,28 (Campus); Spring 2017"
Campus.2017.Spring.FDREL250,271052,"FDREL 250: 12,26,29 (Campus); Spring 2017"
Campus.2017.Spring.FDREL250,271304,"FDREL 211: 06,08 (Campus); Spring 2017"
Campus.2017.Spring.FDREL250,271563,"FDREL 250: 03,07,11,19,24 (Campus); Spring 2017"
Bridged - Online.2017.Spring.FDREL250.63,272275,FDREL 250: 63 (Online); Spring 2017
Campus.2017.Fall.FDREL250,285970,FDREL 122: 03 (Campus); Fall 2017
Campus.2017.Fall.FDREL250,288274,"FDREL 250: 18,24 (Campus); Fall 2017"
Campus.2017.Fall.FDREL250,290362,"FDREL 250: 11,16,27 (Campus); Fall 2017"
Online.Approved.2017.Fall.FDREL250,305646,FDREL 250 - R--- - Online Reference
Bridged - Online.2017.Fall.FDREL250.31,306181,FDREL 250: 31 (Online); Fall 2017
Bridged - Online.2017.Fall.FDREL250.32,306182,FDREL 250: 32 (Online); Fall 2017
Bridged - Online.2017.Fall.FDREL250.33,306183,FDREL 250: 33 (Online); Fall 2017
Bridged - Online.2017.Fall.FDREL250.34,306189,FDREL 250: 34 (Online); Fall 2017
Bridged - Online.2017.Fall.FDREL250.35,306195,FDREL 250: 35 (Online); Fall 2017
Bridged - Online.2017.Fall.FDREL250.36,306196,FDREL 250: 36 (Online); Fall 2017
Bridged - Online.2017.Fall.FDREL250.37,306197,FDREL 250: 37 (Online); Fall 2017
Bridged - Online.2017.Fall.FDREL250.38,306198,FDREL 250: 38 (Online); Fall 2017
Bridged - Online.2017.Fall.FDREL250.39,306199,FDREL 250: 39 (Online); Fall 2017
Bridged - Online.2017.Fall.FDREL250.40,306200,FDREL 250: 40 (Online); Fall 2017
Bridged - Online.2017.Fall.FDREL250.41,306201,FDREL 250: 41 (Online); Fall 2017
Bridged - Online.2017.Fall.FDREL250.42,306202,FDREL 250: 42 (Online); Fall 2017
Bridged - Online.2017.Fall.FDREL250.43,306203,FDREL 250: 43 (Online); Fall 2017
Bridged - Online.2017.Fall.FDREL250.44,306204,FDREL 250: 44 (Online); Fall 2017
Bridged - Online.2017.Fall.FDREL250.45,306205,FDREL 250: 45 (Online); Fall 2017
Bridged - Online.2017.Fall.FDREL250.46,306206,FDREL 250: 46 (Online); Fall 2017
Bridged - Online.2017.Fall.FDREL250.47,306207,FDREL 250: 47 (Online); Fall 2017
Bridged - Online.2017.Fall.FDREL250.48,306208,FDREL 250: 48 (Online); Fall 2017
Bridged - Online.2017.Fall.FDREL250.49,306209,FDREL 250: 49 (Online); Fall 2017
Bridged - Online.2017.Fall.FDREL250.50,306210,FDREL 250: 50 (Online); Fall 2017
Bridged - Online.2017.Fall.FDREL250.51,306211,FDREL 250: 51 (Online); Fall 2017
Bridged - Online.2017.Fall.FDREL250.52,306212,FDREL 250: 52 (Online); Fall 2017
Bridged - Online.2017.Fall.FDREL250.55,306213,FDREL 250: 55 (Online); Fall 2017
Bridged - Online.2017.Fall.FDREL250.56,306214,FDREL 250: 56 (Online); Fall 2017
Bridged - Online.2017.Fall.FDREL250.57,306215,FDREL 250: 57 (Online); Fall 2017
Bridged - Online.2017.Fall.FDREL250.58,306216,FDREL 250: 58 (Online); Fall 2017
Bridged - Online.2017.Fall.FDREL250.59,306217,FDREL 250: 59 (Online); Fall 2017
Bridged - Online.2017.Fall.FDREL250.60,306218,FDREL 250: 60 (Online); Fall 2017
Bridged - Online.2017.Fall.FDREL250.61,306219,FDREL 250: 61 (Online); Fall 2017
Campus.2017.Fall.FDREL250,322491,"FDREL 250: 14,21,25 (Campus); Fall 2017"
Bridged - Online.2017.Fall.FDREL250.63,323371,FDREL 250: 63 (Online); Fall 2017
Bridged - Online.2017.Fall.FDREL250.54,325600,FDREL 250: 54 (Online); Fall 2017
Campus.2017.Fall.FDREL250,326690,"FDREL 250: 17,19 (Campus); Fall 2017"
Campus.2017.Fall.FDREL250,326763,"FDREL 250: 03,08 (Campus); Fall 2017"
Campus.2017.Fall.FDREL250,326780,"FDREL 200: 05,12 (Campus); Fall 2017"
Campus.2017.Fall.FDREL250,327760,"FDREL 250: 13,15 (Campus); Fall 2017"
Campus.2017.Fall.FDREL250,328453,"FDREL 301: 03,04 (Campus); Fall 2017"
Campus.2017.Fall.FDREL250,328458,FDREL 327: 05 (Campus); Fall 2017
Campus.2017.Fall.FDREL250,332588,FDREL 250: 12 (Campus); Fall 2017
Bridged - Online.2017.Fall.FDREL250.62,335359,FDREL 250: 62 (Online); Fall 2017
Bridged - Online.2017.Fall.FDREL250.64,335749,FDREL 250: 64 (Online); Fall 2017
Campus.2018.Winter.FDREL250,340553,"FDREL 250: 12,66 (Campus); Winter 2018"
Campus.2018.Winter.FDREL250,340808,"FDAMF 101: 03,04 (Campus); Winter 2018"
Campus.2018.Winter.FDREL250,340835,FDREL 215: 01 (Campus); Winter 2018
Campus.Reference.FDREL250,341040,FDREL 250 - R--- - Riggins
Campus.2017.Fall.FDREL250,341041,"FDREL 130: 08,09 (Campus); Fall 2017"
Campus.2017.Fall.FDREL250,341045,"FDREL 250: 01,06 (Campus); Fall 2017"
Campus.2017.Fall.FDREL250,341049,FDREL 250: 23 (Campus); Fall 2017
Campus.2017.Fall.FDREL250,341052,"FDREL 324: 01,04,06 (Campus); Fall 2017"
Campus.2018.Winter.FDREL250,341283,"FDREL 250: 03,07,20,25 (Campus); Winter 2018"
Campus.2018.Winter.FDREL250,341310,"FDREL 333: 04,09 (Campus); Winter 2018"
Campus.2018.Winter.FDREL250,341331,"FDREL 250: 16,21,28 (Campus); Winter 2018"
Campus.2018.Winter.FDREL250,342908,FDREL 250: 26 (Campus); Winter 2018
Campus.2018.Winter.FDREL250,365243,"FDREL 250: 23,24 (Campus); Winter 2018"
Online.Approved.2018.Winter.FDREL250,366139,FDREL 250 - R--- - Online Reference
Bridged - Online.2018.Winter.FDREL250.29,366803,FDREL 250: 29 (Online); Winter 2018
Bridged - Online.2018.Winter.FDREL250.30,366804,FDREL 250: 30 (Online); Winter 2018
Bridged - Online.2018.Winter.FDREL250.31,366805,FDREL 250: 31 (Online); Winter 2018
Bridged - Online.2018.Winter.FDREL250.32,366806,FDREL 250: 32 (Online); Winter 2018
Bridged - Online.2018.Winter.FDREL250.33,366817,FDREL 250: 33 (Online); Winter 2018
Bridged - Online.2018.Winter.FDREL250.34,366818,FDREL 250: 34 (Online); Winter 2018
Bridged - Online.2018.Winter.FDREL250.35,366834,FDREL 250: 35 (Online); Winter 2018
Bridged - Online.2018.Winter.FDREL250.36,366850,FDREL 250: 36 (Online); Winter 2018
Bridged - Online.2018.Winter.FDREL250.37,366864,FDREL 250: 37 (Online); Winter 2018
Bridged - Online.2018.Winter.FDREL250.38,366875,FDREL 250: 38 (Online); Winter 2018
Bridged - Online.2018.Winter.FDREL250.39,366885,FDREL 250: 39 (Online); Winter 2018
Bridged - Online.2018.Winter.FDREL250.40,366887,FDREL 250: 40 (Online); Winter 2018
Bridged - Online.2018.Winter.FDREL250.41,366888,FDREL 250: 41 (Online); Winter 2018
Bridged - Online.2018.Winter.FDREL250.42,366889,FDREL 250: 42 (Online); Winter 2018
Bridged - Online.2018.Winter.FDREL250.43,366890,FDREL 250: 43 (Online); Winter 2018
Bridged - Online.2018.Winter.FDREL250.44,366891,FDREL 250: 44 (Online); Winter 2018
Bridged - Online.2018.Winter.FDREL250.45,366892,FDREL 250: 45 (Online); Winter 2018
Bridged - Online.2018.Winter.FDREL250.46,366893,FDREL 250: 46 (Online); Winter 2018
Bridged - Online.2018.Winter.FDREL250.47,366894,FDREL 250: 47 (Online); Winter 2018
Bridged - Online.2018.Winter.FDREL250.48,366895,FDREL 250: 48 (Online); Winter 2018
Bridged - Online.2018.Winter.FDREL250.49,366906,FDREL 250: 49 (Online); Winter 2018
Bridged - Online.2018.Winter.FDREL250.50,366907,FDREL 250: 50 (Online); Winter 2018
Bridged - Online.2018.Winter.FDREL250.58,366908,FDREL 250: 58 (Online); Winter 2018
Bridged - Online.2018.Winter.FDREL250.62,366909,FDREL 250: 62 (Online); Winter 2018
Campus.2018.Winter.FDREL250,375413,"FDREL 250: 09,13 (Campus); Winter 2018"
Campus.2018.Winter.FDREL250,375417,"FDREL 250: 17,18 (Campus); Winter 2018"
Campus.2018.Winter.FDREL250,376061,"FDREL 250: 11,14 (Campus); Winter 2018"
Bridged - Online.2018.Winter.FDREL250.51,377229,FDREL 250: 51 (Online); Winter 2018
Campus.2018.Winter.FDREL250,377519,"FDREL 250: 02,05 (Campus); Winter 2018"
Bridged - Online.2018.Winter.FDREL250.52,382793,FDREL 250: 52 (Online); Winter 2018
Bridged - Online.2018.Winter.FDREL250.57,382794,FDREL 250: 57 (Online); Winter 2018
Campus.2018.Winter.FDREL250,383878,FDREL 235: 02 (Campus); Winter 2018
Campus.2018.Winter.FDREL250,384504,"FDREL 200: 13,17 (Campus); Winter 2018"
Campus.2018.Winter.FDREL250,384710,FDREL 130: 04 (Campus); Winter 2018
Campus.2018.Winter.FDREL250,384713,FDREL 130: 05 (Campus); Winter 2018
Campus.2018.Winter.FDREL250,384716,FDREL 130: 08 (Campus); Winter 2018
Campus.2018.Winter.FDREL250,384719,FDREL 250: 01 (Campus); Winter 2018
Campus.2018.Winter.FDREL250,384722,FDREL 250: 08 (Campus); Winter 2018
Campus.2018.Winter.FDREL250,388402,FDREL 250: 22 (Campus); Winter 2018
Campus.2018.Winter.FDREL250,388870,FDREL 250: 65 (Campus); Winter 2018
Bridged - Online.2018.Winter.FDREL250.53,389140,FDREL 250: 53 (Online); Winter 2018
Bridged - Online.2018.Winter.FDREL250.54,389141,FDREL 250: 54 (Online); Winter 2018
Campus.2018.Winter.FDREL250,389359,FDREL 250: 27 (Campus); Winter 2018
Campus.2018.Winter.FDREL250,389876,FDREL 250: 19 (Campus); Winter 2018
Campus.2018.Winter.FDREL250,390222,FDREL 250: 04 (Campus); Winter 2018
Campus.2018.Winter.FDREL250,390225,FDREL 250: 06 (Campus); Winter 2018
Campus.2018.Spring.FDREL250,393503,"FDREL 325: 04,06 (Campus); Spring 2018"
Campus.2018.Spring.FDREL250,393958,"FDREL 225: 01,07 (Campus); Spring 2018"
Campus.2018.Spring.FDREL250,394149,"FDREL 250: 25,34 (Campus); Spring 2018"
Campus.2018.Spring.FDREL250,394370,"FDREL 250: 01,06 (Campus); Spring 2018"
Campus.Reference.FDREL250,394549,FDREL 250 - R--- - Walker
Online.Approved.2018.Spring.FDREL250,402563,FDREL 250 - R--- - Online Reference
Bridged - Online.2018.Spring.FDREL250.35,404655,FDREL 250: 35 (Online); Spring 2018
Bridged - Online.2018.Spring.FDREL250.36,404656,FDREL 250: 36 (Online); Spring 2018
Bridged - Online.2018.Spring.FDREL250.37,404668,FDREL 250: 37 (Online); Spring 2018
Bridged - Online.2018.Spring.FDREL250.38,404703,FDREL 250: 38 (Online); Spring 2018
Bridged - Online.2018.Spring.FDREL250.39,404709,FDREL 250: 39 (Online); Spring 2018
Bridged - Online.2018.Spring.FDREL250.40,404714,FDREL 250: 40 (Online); Spring 2018
Bridged - Online.2018.Spring.FDREL250.41,404720,FDREL 250: 41 (Online); Spring 2018
Bridged - Online.2018.Spring.FDREL250.42,404779,FDREL 250: 42 (Online); Spring 2018
Bridged - Online.2018.Spring.FDREL250.43,404785,FDREL 250: 43 (Online); Spring 2018
Bridged - Online.2018.Spring.FDREL250.44,404791,FDREL 250: 44 (Online); Spring 2018
Bridged - Online.2018.Spring.FDREL250.45,404811,FDREL 250: 45 (Online); Spring 2018
Bridged - Online.2018.Spring.FDREL250.46,404832,FDREL 250: 46 (Online); Spring 2018
Bridged - Online.2018.Spring.FDREL250.47,404845,FDREL 250: 47 (Online); Spring 2018
Bridged - Online.2018.Spring.FDREL250.48,404854,FDREL 250: 48 (Online); Spring 2018
Bridged - Online.2018.Spring.FDREL250.49,404865,FDREL 250: 49 (Online); Spring 2018
Bridged - Online.2018.Spring.FDREL250.50,404866,FDREL 250: 50 (Online); Spring 2018
Bridged - Online.2018.Spring.FDREL250.51,404867,FDREL 250: 51 (Online); Spring 2018
Bridged - Online.2018.Spring.FDREL250.52,404868,FDREL 250: 52 (Online); Spring 2018
Bridged - Online.2018.Spring.FDREL250.53,404869,FDREL 250: 53 (Online); Spring 2018
Bridged - Online.2018.Spring.FDREL250.56,404870,FDREL 250: 56 (Online); Spring 2018
Bridged - Online.2018.Spring.FDREL250.57,404871,FDREL 250: 57 (Online); Spring 2018
Campus.2018.Spring.FDREL250,412331,FDREL 327: 06 (Campus); Spring 2018
Campus.2018.Spring.FDREL250,412335,FDREL 250: 14 (Campus); Spring 2018
Campus.2018.Spring.FDREL250,412339,FDREL 250: 22 (Campus); Spring 2018
Campus.2018.Spring.FDREL250,417283,"FDREL 250: 15,21 (Campus); Spring 2018"
Campus.2018.Spring.FDREL250,421784,FDREL 250: 05 (Campus); Spring 2018
Campus.2018.Spring.FDREL250,421787,FDREL 250: 10 (Campus); Spring 2018
Bridged - Online.2018.Spring.FDREL250.54,421962,FDREL 250: 54 (Online); Spring 2018
Campus.2018.Spring.FDREL250,422974,FDREL 250: 16 (Campus); Spring 2018
Campus.2018.Spring.FDREL250,422977,FDREL 250: 20 (Campus); Spring 2018
Campus.2018.Spring.FDREL250,423602,FDREL 250: 04 (Campus); Spring 2018
Campus.2018.Spring.FDREL250,423605,FDREL 250: 09 (Campus); Spring 2018
Campus.2018.Spring.FDREL250,424353,"FDREL 250: 13,19 (Campus); Spring 2018"
Campus.2018.Spring.FDREL250,424810,FDREL 250: 11 (Campus); Spring 2018
Campus.2018.Spring.FDREL250,424956,FDREL 225: 22 (Campus); Spring 2018
Campus.2018.Spring.FDREL250,425434,"FDREL 250: 12,17 (Campus); Spring 2018"
Campus.2018.Spring.FDREL250,425439,FDREL 235: 01 (Campus); Spring 2018
Campus.2018.Spring.FDREL250,428547,"FDREL 250: 18,23,31 (Campus); Spring 2018"
Bridged - Online.2018.Spring.FDREL250.55,429330,FDREL 250: 55 (Online); Spring 2018
Bridged - Online.2018.Spring.FDREL250.58,430164,FDREL 250: 58 (Online); Spring 2018
Campus.2018.Spring.FDREL250,431902,"FDREL 250: 03,08 (Campus); Spring 2018"
Campus.2018.Spring.FDREL250,433108,"FDREL 302: 02,03 (Campus); Spring 2018"
Bridged - Online.2018.Spring.FDREL250.62,434805,FDREL 250: 62 (Online); Spring 2018
Campus.Reference.FDREL250,436086,FDREL 250 - R--- - Anderson
Campus.2018.Spring.FDREL250,436097,FDREL 212: 02 (Campus); Spring 2018
Campus.2018.Spring.FDREL250,436100,FDREL 250: 24 (Campus); Spring 2018
Campus.2018.Spring.FDREL250,436148,FDREL 250: 32 (Campus); Spring 2018
Campus.2018.Spring.FDREL250,436151,FDREL 275: 27 (Campus); Spring 2018
Campus.2018.Spring.FDREL250,436154,FDREL 275: 44 (Campus); Spring 2018
Campus.2018.Summer.FDREL250,469776,FDREL 250: 01 (Campus); Summer 2018
Campus.2018.Summer.FDREL250,469792,FDREL 275: 01 (Campus); Summer 2018
Campus.2018.Fall.FDREL250,471131,"FDREL 250: 11,21,26 (Campus); Fall 2018"
Campus.2018.Fall.FDREL250,471137,FDREL 250: 65 (Campus); Fall 2018
Online.Approved.2018.Fall.FDREL250,472854,FDREL 250 - R--- - Online Reference
Bridged - Online.2018.Fall.FDREL250.31,475436,FDREL 250: 31 (Online); Fall 2018
Bridged - Online.2018.Fall.FDREL250.32,475458,FDREL 250: 32 (Online); Fall 2018
Bridged - Online.2018.Fall.FDREL250.33,475483,FDREL 250: 33 (Online); Fall 2018
Bridged - Online.2018.Fall.FDREL250.34,475486,FDREL 250: 34 (Online); Fall 2018
Bridged - Online.2018.Fall.FDREL250.35,475492,FDREL 250: 35 (Online); Fall 2018
Bridged - Online.2018.Fall.FDREL250.36,475493,FDREL 250: 36 (Online); Fall 2018
Bridged - Online.2018.Fall.FDREL250.37,475494,FDREL 250: 37 (Online); Fall 2018
Bridged - Online.2018.Fall.FDREL250.38,475495,FDREL 250: 38 (Online); Fall 2018
Bridged - Online.2018.Fall.FDREL250.39,475496,FDREL 250: 39 (Online); Fall 2018
Bridged - Online.2018.Fall.FDREL250.40,475497,FDREL 250: 40 (Online); Fall 2018
Bridged - Online.2018.Fall.FDREL250.41,475498,FDREL 250: 41 (Online); Fall 2018
Bridged - Online.2018.Fall.FDREL250.42,475499,FDREL 250: 42 (Online); Fall 2018
Bridged - Online.2018.Fall.FDREL250.43,475500,FDREL 250: 43 (Online); Fall 2018
Bridged - Online.2018.Fall.FDREL250.44,475501,FDREL 250: 44 (Online); Fall 2018
Bridged - Online.2018.Fall.FDREL250.45,475502,FDREL 250: 45 (Online); Fall 2018
Bridged - Online.2018.Fall.FDREL250.46,475503,FDREL 250: 46 (Online); Fall 2018
Bridged - Online.2018.Fall.FDREL250.47,475504,FDREL 250: 47 (Online); Fall 2018
Bridged - Online.2018.Fall.FDREL250.48,475505,FDREL 250: 48 (Online); Fall 2018
Bridged - Online.2018.Fall.FDREL250.49,475506,FDREL 250: 49 (Online); Fall 2018
Bridged - Online.2018.Fall.FDREL250.50,475507,FDREL 250: 50 (Online); Fall 2018
Bridged - Online.2018.Fall.FDREL250.51,475508,FDREL 250: 51 (Online); Fall 2018
Bridged - Online.2018.Fall.FDREL250.52,475509,FDREL 250: 52 (Online); Fall 2018
Bridged - Online.2018.Fall.FDREL250.53,475510,FDREL 250: 53 (Online); Fall 2018
Bridged - Online.2018.Fall.FDREL250.61,475511,FDREL 250: 61 (Online); Fall 2018
Bridged - Online.2018.Fall.FDREL250.62,475512,FDREL 250: 62 (Online); Fall 2018
Campus.2018.Fall.FDREL250,492036,"FDREL 200: 91,92 (Campus); Fall 2018"
Bridged - Online.2018.Fall.FDREL250.63,504405,FDREL 250: 63 (Online); Fall 2018
Bridged - Online.2018.Fall.FDREL250.55,505820,FDREL 250: 55 (Online); Fall 2018
Campus.2018.Fall.FDREL250,507376,FDREL 130: 10 (Campus); Fall 2018
Campus.2018.Fall.FDREL250,509243,FDREL 130: 11 (Campus); Fall 2018
Bridged - Online.2018.Fall.FDREL250.57,510994,FDREL 250: 57 (Online); Fall 2018
Campus.2018.Fall.FDREL250,511068,FDREL 250: 10 (Campus); Fall 2018
Campus.2018.Fall.FDREL250,511071,FDREL 250: 22 (Campus); Fall 2018
Campus.2018.Fall.FDREL250,511074,FDREL 250: 29 (Campus); Fall 2018
Campus.2018.Fall.FDREL250,511077,FDREL 250: 66 (Campus); Fall 2018
Campus.2018.Fall.FDREL250,511599,FDREL 250: 04 (Campus); Fall 2018
Campus.2018.Fall.FDREL250,511721,FDREL 250: 27 (Campus); Fall 2018
Bridged - Online.2019.Winter.FDREL250.41,513526,FDREL 250: 41 (Online); Winter 2019
Online.Approved.2019.Winter.FDREL250,513898,FDREL 250 - R--- - Online Reference
Bridged - Online.2019.Winter.FDREL250.39,514993,FDREL 250: 39 (Online); Winter 2019
Bridged - Online.2019.Winter.FDREL250.40,514994,FDREL 250: 40 (Online); Winter 2019
Bridged - Online.2019.Winter.FDREL250.42,515000,FDREL 250: 42 (Online); Winter 2019
Bridged - Online.2019.Winter.FDREL250.43,515006,FDREL 250: 43 (Online); Winter 2019
Bridged - Online.2019.Winter.FDREL250.44,515007,FDREL 250: 44 (Online); Winter 2019
Bridged - Online.2019.Winter.FDREL250.45,515008,FDREL 250: 45 (Online); Winter 2019
Bridged - Online.2019.Winter.FDREL250.46,515009,FDREL 250: 46 (Online); Winter 2019
Bridged - Online.2019.Winter.FDREL250.47,515010,FDREL 250: 47 (Online); Winter 2019
Bridged - Online.2019.Winter.FDREL250.48,515011,FDREL 250: 48 (Online); Winter 2019
Bridged - Online.2019.Winter.FDREL250.49,515012,FDREL 250: 49 (Online); Winter 2019
Bridged - Online.2019.Winter.FDREL250.50,515013,FDREL 250: 50 (Online); Winter 2019
Bridged - Online.2019.Winter.FDREL250.51,515014,FDREL 250: 51 (Online); Winter 2019
Bridged - Online.2019.Winter.FDREL250.52,515015,FDREL 250: 52 (Online); Winter 2019
Bridged - Online.2019.Winter.FDREL250.53,515016,FDREL 250: 53 (Online); Winter 2019
Bridged - Online.2019.Winter.FDREL250.54,515017,FDREL 250: 54 (Online); Winter 2019
Bridged - Online.2019.Winter.FDREL250.55,515018,FDREL 250: 55 (Online); Winter 2019
Bridged - Online.2019.Winter.FDREL250.56,515019,FDREL 250: 56 (Online); Winter 2019
Bridged - Online.2019.Winter.FDREL250.57,515020,FDREL 250: 57 (Online); Winter 2019
Bridged - Online.2019.Winter.FDREL250.58,515021,FDREL 250: 58 (Online); Winter 2019
Bridged - Online.2019.Winter.FDREL250.67,515022,FDREL 250: 67 (Online); Winter 2019
Bridged - Online.2019.Winter.FDREL250.72,515023,FDREL 250: 72 (Online); Winter 2019
Bridged - Online.2019.Winter.FDREL250.74,515024,FDREL 250: 74 (Online); Winter 2019
Bridged - Online.2019.Winter.FDREL250.76,515025,FDREL 250: 76 (Online); Winter 2019
Bridged - Online.2019.Winter.FDREL250.65,534295,FDREL 250: 65 (Online); Winter 2019
Campus.2019.Winter.FDREL250,534799,FDREL 130: 08 (Campus); Winter 2019
